year,state_name,state_abbr,agency_id,agency_ori,agency_name,agency_population,population_group_code,population_group,reported,months_reported,nibrs_reported,nibrs_months_reported,covered,participated,nibrs_participated
1992,Alabama,AL,292,AL0370100,Abbeville,3247,6,"Cities from 2,500 thru 9,999",0,1,1,12,0,0,1
1992,Alabama,AL,71,AL0012200,Adamsville,4258,6,"Cities from 2,500 thru 9,999",0,0,0,11,0,0,0
1992,Alabama,AL,492,AL0670300,Addison,640,7,"Cities under 2,500",0,0,0,1,0,0,0
1992,Alabama,AL,97,AL0030400,Alabama Alcoholic Beverage Control Board,0,9D,"MSA counties under 10,000",0,0,0,7,0,0,0
1992,Alabama,AL,98,AL0030500,Alabama Department of Mental Health,0,9D,"MSA counties under 10,000",0,1,0,4,0,0,0
1992,Alabama,AL,495,ALAST0000,Alabama Highway Patrol,0,8D,"Non-MSA counties under 10,000",0,0,0,0,0,0,0
1992,Alabama,AL,99,AL0030600,Alabama State University,0,7,"Cities under 2,500",0,0,0,11,0,0,0
1992,Alabama,AL,436,AL0590400,Alabaster,15079,5,"Cities from 10,000 thru 24,999",0,0,0,7,0,0,0
1992,Alabama,AL,378,AL0500100,Albertville,14848,5,"Cities from 10,000 thru 24,999",0,1,1,12,0,0,1
1992,Alabama,AL,458,AL0620100,Alexander City,15268,5,"Cities from 10,000 thru 24,999",0,1,1,12,0,0,1
1992,Alabama,AL,403,AL0540100,Aliceville,3079,6,"Cities from 2,500 thru 9,999",0,1,1,12,0,0,1
1992,Alabama,AL,269,AL0310900,Altoona,982,7,"Cities under 2,500",0,0,0,0,1,0,1
1992,Alabama,AL,206,AL0230100,Andalusia,9487,6,"Cities from 2,500 thru 9,999",0,1,1,12,0,0,1
1992,Alabama,AL,323,AL0410300,Anderson,346,7,"Cities under 2,500",0,0,0,0,1,0,0
1992,Alabama,AL,147,AL0110100,Anniston,27250,4,"Cities from 25,000 thru 49,999",0,1,1,12,0,0,1
1992,Alabama,AL,380,AL0500300,Arab,6469,6,"Cities from 2,500 thru 9,999",0,1,1,12,0,0,1
1992,Alabama,AL,341,AL0440200,Ardmore,1115,7,"Cities under 2,500",0,1,1,12,0,0,1
1992,Alabama,AL,232,AL0260800,Ariton,759,7,"Cities under 2,500",0,0,0,0,1,0,0
1992,Alabama,AL,493,AL0670400,Arley,345,7,"Cities under 2,500",0,0,0,0,1,0,1
1992,Alabama,AL,297,AL0380200,Ashford,1971,7,"Cities under 2,500",0,1,1,12,0,0,1
1992,Alabama,AL,181,AL0170100,Ashland,2081,7,"Cities under 2,500",0,0,0,4,0,0,0
1992,Alabama,AL,422,AL0580200,Ashville,1528,7,"Cities under 2,500",0,0,0,0,1,0,1
1992,Alabama,AL,340,AL0440100,Athens,17299,5,"Cities from 10,000 thru 24,999",0,1,1,12,0,0,1
1992,Alabama,AL,257,AL0300100,Atmore,8235,6,"Cities from 2,500 thru 9,999",0,1,0,10,0,0,0
1992,Alabama,AL,262,AL0310100,Attalla,7020,6,"Cities from 2,500 thru 9,999",0,1,1,12,0,0,1
1992,Alabama,AL,336,AL0430100,Auburn,34628,4,"Cities from 25,000 thru 49,999",0,1,1,12,0,0,1
1992,Alabama,AL,338,AL0430300,Auburn University: Main Campus,0,7,"Cities under 2,500",0,1,1,12,0,0,1
1992,Alabama,AL,100,AL0030700,Auburn University: Montgomery,0,7,"Cities under 2,500",0,1,1,12,0,0,1
1992,Alabama,AL,106,AL0040000,Autauga,14980,9C,"MSA counties from 10,000 thru 24,999",0,1,1,12,0,0,1
1992,Alabama,AL,108,AL0040200,Autaugaville,696,7,"Cities under 2,500",0,0,0,0,1,0,1
1992,Alabama,AL,109,AL0050000,Baldwin,59292,9B,"MSA counties from 25,000 thru 99,999",0,1,1,12,0,0,1
1992,Alabama,AL,123,AL0060000,Barbour,10139,8C,"Non-MSA counties from 10,000 thru 24,999",0,1,1,12,0,0,1
1992,Alabama,AL,110,AL0050100,Bay Minette,7336,6,"Cities from 2,500 thru 9,999",0,1,1,12,0,0,1
1992,Alabama,AL,87,AL0020600,Bayou La Batre,2513,6,"Cities from 2,500 thru 9,999",0,1,1,12,0,0,1
1992,Alabama,AL,376,AL0490700,Bear Creek,933,7,"Cities under 2,500",0,0,0,8,0,0,0
1992,Alabama,AL,388,AL0510300,Beatrice,464,7,"Cities under 2,500",0,0,0,0,1,0,0
1992,Alabama,AL,272,AL0320200,Berry,1246,7,"Cities under 2,500",0,0,0,0,1,0,0
1992,Alabama,AL,50,AL0010100,Bessemer,34287,4,"Cities from 25,000 thru 49,999",0,0,0,2,0,0,0
1992,Alabama,AL,129,AL0070000,Bibb,10055,8C,"Non-MSA counties from 10,000 thru 24,999",0,0,0,0,0,0,0
1992,Alabama,AL,51,AL0010200,Birmingham,272407,1C,"Cities from 250,000 thru 499,999",1,12,1,12,0,1,1
1992,Alabama,AL,134,AL0080000,Blount,33005,9B,"MSA counties from 25,000 thru 99,999",0,1,1,12,0,0,1
1992,Alabama,AL,136,AL0080200,Blountsville,1562,7,"Cities under 2,500",0,1,1,12,0,0,1
1992,Alabama,AL,381,AL0500400,Boaz,7090,6,"Cities from 2,500 thru 9,999",0,1,1,12,0,0,1
1992,Alabama,AL,216,AL0240200,Brantley,1038,7,"Cities under 2,500",0,0,0,0,0,0,0
1992,Alabama,AL,131,AL0070200,Brent,2841,6,"Cities from 2,500 thru 9,999",0,0,0,1,0,0,0
1992,Alabama,AL,258,AL0300200,Brewton,6023,6,"Cities from 2,500 thru 9,999",0,0,0,0,0,0,0
1992,Alabama,AL,307,AL0390200,Bridgeport,3005,6,"Cities from 2,500 thru 9,999",0,1,0,1,0,0,0
1992,Alabama,AL,67,AL0011800,Brighton,4624,6,"Cities from 2,500 thru 9,999",0,0,0,0,1,1,1
1992,Alabama,AL,374,AL0490500,Brilliant,767,7,"Cities under 2,500",0,1,0,4,0,0,0
1992,Alabama,AL,76,AL0012700,Brookside,1396,7,"Cities under 2,500",0,0,0,0,0,0,0
1992,Alabama,AL,66,AL0011700,Brownsville,2636,6,"Cities from 2,500 thru 9,999",0,0,0,0,1,1,1
1992,Alabama,AL,411,AL0550200,Brundidge,2529,6,"Cities from 2,500 thru 9,999",0,1,1,12,0,0,1
1992,Alabama,AL,469,AL0630500,Bryce State Hospital,0,7,"Cities under 2,500",0,0,0,0,1,0,1
1992,Alabama,AL,140,AL0090000,Bullock,7233,8D,"Non-MSA counties under 10,000",0,0,0,0,0,0,0
1992,Alabama,AL,169,AL0150100,Butler,1915,7,"Cities under 2,500",0,0,0,0,0,0,0
1992,Alabama,AL,142,AL0100000,Butler,12760,8C,"Non-MSA counties from 10,000 thru 24,999",0,0,0,9,0,0,0
1992,Alabama,AL,433,AL0590100,Calera,2185,7,"Cities under 2,500",0,0,0,10,0,0,0
1992,Alabama,AL,146,AL0110000,Calhoun,63220,9B,"MSA counties from 25,000 thru 99,999",0,1,1,12,0,0,1
1992,Alabama,AL,487,AL0660100,Camden,2470,7,"Cities under 2,500",0,0,0,0,0,0,0
1992,Alabama,AL,460,AL0620300,Camp Hill,1447,7,"Cities under 2,500",0,1,1,12,0,0,1
1992,Alabama,AL,474,AL0640200,Carbon Hill,2164,7,"Cities under 2,500",0,0,0,0,0,0,0
1992,Alabama,AL,77,AL0012800,Cardiff,72,7,"Cities under 2,500",0,0,0,0,1,1,1
1992,Alabama,AL,406,AL0540400,Carrollton,1197,7,"Cities under 2,500",0,0,0,0,1,0,1
1992,Alabama,AL,461,AL0620400,Carrville,893,7,"Cities under 2,500",0,0,0,0,1,0,1
1992,Alabama,AL,161,AL0130200,Cedar Bluff,1201,7,"Cities under 2,500",0,0,0,1,0,0,0
1992,Alabama,AL,160,AL0130100,Centre,2960,6,"Cities from 2,500 thru 9,999",0,1,1,12,0,0,1
1992,Alabama,AL,130,AL0070100,Centreville,2567,6,"Cities from 2,500 thru 9,999",0,0,0,0,0,0,0
1992,Alabama,AL,155,AL0120000,Chambers,16957,8C,"Non-MSA counties from 10,000 thru 24,999",0,1,1,12,0,0,1
1992,Alabama,AL,485,AL0650300,Chatom,1119,7,"Cities under 2,500",0,0,0,0,0,0,0
1992,Alabama,AL,159,AL0130000,Cherokee,15840,8C,"Non-MSA counties from 10,000 thru 24,999",0,0,0,8,0,0,0
1992,Alabama,AL,196,AL0200400,Cherokee,1513,7,"Cities under 2,500",0,1,0,11,0,0,0
1992,Alabama,AL,84,AL0020300,Chickasaw,6805,6,"Cities from 2,500 thru 9,999",0,0,0,0,0,0,0
1992,Alabama,AL,453,AL0610300,Childersburg,4686,6,"Cities from 2,500 thru 9,999",0,1,1,12,0,0,1
1992,Alabama,AL,163,AL0140000,Chilton,21188,8C,"Non-MSA counties from 10,000 thru 24,999",0,1,1,12,0,0,1
1992,Alabama,AL,168,AL0150000,Choctaw,14479,8C,"Non-MSA counties from 10,000 thru 24,999",0,1,0,11,0,0,0
1992,Alabama,AL,85,AL0020400,Citronelle,3756,6,"Cities from 2,500 thru 9,999",0,1,1,12,0,0,1
1992,Alabama,AL,164,AL0140100,Clanton,7849,6,"Cities from 2,500 thru 9,999",0,1,1,12,0,0,1
1992,Alabama,AL,174,AL0160000,Clarke,15936,8C,"Non-MSA counties from 10,000 thru 24,999",0,0,0,1,0,0,0
1992,Alabama,AL,180,AL0170000,Clay,9031,8D,"Non-MSA counties under 10,000",0,0,0,0,0,0,0
1992,Alabama,AL,233,AL0260900,Clayhatchee,419,7,"Cities under 2,500",0,1,0,3,0,0,0
1992,Alabama,AL,125,AL0060200,Clayton,1600,7,"Cities under 2,500",0,1,0,10,0,0,0
1992,Alabama,AL,183,AL0180000,Cleburne,10055,8C,"Non-MSA counties from 10,000 thru 24,999",0,1,1,12,0,0,1
1992,Alabama,AL,137,AL0080300,Cleveland,755,7,"Cities under 2,500",0,0,0,0,1,0,1
1992,Alabama,AL,126,AL0060300,Clio,1396,7,"Cities under 2,500",0,0,0,0,1,0,1
1992,Alabama,AL,186,AL0190000,Coffee,14664,8C,"Non-MSA counties from 10,000 thru 24,999",0,1,1,12,0,0,1
1992,Alabama,AL,284,AL0340500,Coffee Springs,300,7,"Cities under 2,500",0,0,0,0,1,0,1
1992,Alabama,AL,192,AL0200000,Colbert,20339,9C,"MSA counties from 10,000 thru 24,999",0,1,1,12,0,0,1
1992,Alabama,AL,238,AL0280200,Collinsville,1473,7,"Cities under 2,500",0,0,0,0,1,0,1
1992,Alabama,AL,299,AL0380400,Columbia,943,7,"Cities under 2,500",0,0,0,0,1,0,1
1992,Alabama,AL,434,AL0590200,Columbiana,3037,6,"Cities from 2,500 thru 9,999",0,0,0,1,0,0,0
1992,Alabama,AL,199,AL0210000,Conecuh,10381,8C,"Non-MSA counties from 10,000 thru 24,999",0,1,1,12,0,0,1
1992,Alabama,AL,202,AL0220000,Coosa,9440,8D,"Non-MSA counties under 10,000",0,1,1,12,0,0,1
1992,Alabama,AL,254,AL0290400,Coosada,932,7,"Cities under 2,500",0,0,0,0,0,0,0
1992,Alabama,AL,475,AL0640300,Cordova,2684,6,"Cities from 2,500 thru 9,999",0,1,1,12,0,0,1
1992,Alabama,AL,300,AL0380500,Cottonwood,1417,7,"Cities under 2,500",0,1,1,12,0,0,1
1992,Alabama,AL,79,AL0013000,County Line,193,7,"Cities under 2,500",0,0,0,0,1,1,1
1992,Alabama,AL,332,AL0420300,Courtland,821,7,"Cities under 2,500",0,1,1,12,0,0,1
1992,Alabama,AL,205,AL0230000,Covington,18577,8C,"Non-MSA counties from 10,000 thru 24,999",0,0,0,9,0,0,0
1992,Alabama,AL,214,AL0240000,Crenshaw,10302,8C,"Non-MSA counties from 10,000 thru 24,999",0,1,1,12,0,0,1
1992,Alabama,AL,91,AL0021200,Creola,1940,7,"Cities under 2,500",0,1,1,12,0,0,1
1992,Alabama,AL,245,AL0281000,Crossville,1381,7,"Cities under 2,500",0,0,0,0,1,0,1
1992,Alabama,AL,447,AL0600300,Cuba,398,7,"Cities under 2,500",0,0,0,0,1,0,1
1992,Alabama,AL,219,AL0250000,Cullman,52635,8B,"Non-MSA counties from 25,000 thru 99,999",0,1,1,12,0,0,1
1992,Alabama,AL,220,AL0250100,Cullman,13682,5,"Cities from 10,000 thru 24,999",0,1,1,12,0,0,1
1992,Alabama,AL,459,AL0620200,Dadeville,3353,6,"Cities from 2,500 thru 9,999",0,1,0,11,0,0,0
1992,Alabama,AL,224,AL0260000,Dale,26298,9B,"MSA counties from 25,000 thru 99,999",0,0,0,10,0,0,0
1992,Alabama,AL,226,AL0260200,Daleville,5237,6,"Cities from 2,500 thru 9,999",0,0,0,11,0,0,0
1992,Alabama,AL,234,AL0270000,Dallas,24950,8C,"Non-MSA counties from 10,000 thru 24,999",0,1,1,12,0,0,1
1992,Alabama,AL,117,AL0050800,Daphne,11556,5,"Cities from 10,000 thru 24,999",0,1,1,12,0,0,1
1992,Alabama,AL,462,AL0620500,Daviston,267,7,"Cities under 2,500",0,0,0,0,1,0,1
1992,Alabama,AL,391,AL0520100,Decatur,49911,4,"Cities from 25,000 thru 49,999",0,1,1,12,0,0,1
1992,Alabama,AL,236,AL0280000,DeKalb,39856,8B,"Non-MSA counties from 25,000 thru 99,999",0,1,1,12,0,0,1
1992,Alabama,AL,364,AL0480100,Demopolis,7688,6,"Cities from 2,500 thru 9,999",0,1,1,12,0,0,1
1992,Alabama,AL,476,AL0640400,Dora,2265,7,"Cities under 2,500",0,0,0,0,0,0,0
1992,Alabama,AL,296,AL0380100,Dothan,54853,3,"Cities from 50,000 thru 99,000",0,1,1,12,0,0,1
1992,Alabama,AL,490,AL0670100,Double Springs,1164,7,"Cities under 2,500",0,0,0,0,1,0,1
1992,Alabama,AL,217,AL0240300,Dozier,493,7,"Cities under 2,500",0,0,0,0,1,0,1
1992,Alabama,AL,311,AL0390600,Dutton,247,7,"Cities under 2,500",0,0,0,0,1,0,1
1992,Alabama,AL,259,AL0300300,East Brewton,2638,6,"Cities from 2,500 thru 9,999",0,1,0,11,0,0,0
1992,Alabama,AL,253,AL0290300,Eclectic,1112,7,"Cities under 2,500",0,1,1,12,0,0,1
1992,Alabama,AL,187,AL0190100,Elba,4105,6,"Cities from 2,500 thru 9,999",0,1,1,12,0,0,1
1992,Alabama,AL,342,AL0440300,Elkmont,397,7,"Cities under 2,500",0,0,0,0,1,0,1
1992,Alabama,AL,250,AL0290000,Elmore,34340,9B,"MSA counties from 25,000 thru 99,999",0,1,1,12,0,0,1
1992,Alabama,AL,188,AL0190200,Enterprise,20597,5,"Cities from 10,000 thru 24,999",0,1,1,12,0,0,1
1992,Alabama,AL,191,AL0190500,Enterprise State Junior College,0,7,"Cities under 2,500",0,1,0,1,0,0,0
1992,Alabama,AL,256,AL0300000,Escambia,17602,8C,"Non-MSA counties from 10,000 thru 24,999",0,1,1,12,0,0,1
1992,Alabama,AL,261,AL0310000,Etowah,29025,9B,"MSA counties from 25,000 thru 99,999",0,1,1,12,0,0,1
1992,Alabama,AL,124,AL0060100,Eufaula,13531,5,"Cities from 10,000 thru 24,999",0,0,1,12,0,0,1
1992,Alabama,AL,286,AL0350100,Eutaw,2334,7,"Cities under 2,500",0,1,1,12,0,0,1
1992,Alabama,AL,200,AL0210100,Evergreen,4002,6,"Cities from 2,500 thru 9,999",0,1,1,12,0,0,1
1992,Alabama,AL,389,AL0510400,Excel,583,7,"Cities under 2,500",0,0,0,0,1,0,0
1992,Alabama,AL,53,AL0010400,Fairfield,12487,5,"Cities from 10,000 thru 24,999",0,1,1,12,0,0,1
1992,Alabama,AL,111,AL0050200,Fairhope,8684,6,"Cities from 2,500 thru 9,999",0,0,0,6,0,0,0
1992,Alabama,AL,393,AL0520400,Falkville,1368,7,"Cities under 2,500",0,0,0,1,0,0,0
1992,Alabama,AL,367,AL0480400,Faunsdale,98,7,"Cities under 2,500",0,0,0,0,1,0,1
1992,Alabama,AL,270,AL0320000,Fayette,9584,8D,"Non-MSA counties under 10,000",0,0,0,11,0,0,0
1992,Alabama,AL,271,AL0320100,Fayette,5024,6,"Cities from 2,500 thru 9,999",0,1,1,12,0,0,1
1992,Alabama,AL,394,AL0520500,Flint City,1057,7,"Cities under 2,500",0,1,0,1,0,0,0
1992,Alabama,AL,260,AL0300400,Flomaton,1853,7,"Cities under 2,500",0,0,0,0,0,0,0
1992,Alabama,AL,208,AL0230300,Florala,2123,7,"Cities under 2,500",0,1,1,12,0,0,1
1992,Alabama,AL,321,AL0410100,Florence,37285,4,"Cities from 25,000 thru 49,999",0,1,1,12,0,0,1
1992,Alabama,AL,112,AL0050300,Foley,5053,6,"Cities from 2,500 thru 9,999",0,1,1,12,0,0,1
1992,Alabama,AL,344,AL0450100,Fort Deposit,1268,7,"Cities under 2,500",0,0,0,0,1,0,0
1992,Alabama,AL,237,AL0280100,Fort Payne,12116,5,"Cities from 10,000 thru 24,999",0,1,1,12,0,0,1
1992,Alabama,AL,273,AL0330000,Franklin,15593,8C,"Non-MSA counties from 10,000 thru 24,999",0,1,0,10,0,0,0
1992,Alabama,AL,387,AL0510200,Frisco City,1617,7,"Cities under 2,500",0,0,0,0,1,0,0
1992,Alabama,AL,178,AL0160400,Fulton,392,7,"Cities under 2,500",0,0,0,0,1,0,0
1992,Alabama,AL,60,AL0011100,Fultondale,6550,6,"Cities from 2,500 thru 9,999",0,1,1,12,0,0,1
1992,Alabama,AL,246,AL0281100,Fyffe,1119,7,"Cities under 2,500",0,0,0,0,1,0,1
1992,Alabama,AL,263,AL0310200,Gadsden,43526,4,"Cities from 25,000 thru 49,999",0,1,1,12,0,0,1
1992,Alabama,AL,222,AL0250300,Garden City,590,7,"Cities under 2,500",0,0,0,0,0,0,0
1992,Alabama,AL,54,AL0010500,Gardendale,9468,6,"Cities from 2,500 thru 9,999",0,1,1,12,0,0,1
1992,Alabama,AL,279,AL0340000,Geneva,12714,8C,"Non-MSA counties from 10,000 thru 24,999",0,1,1,12,0,0,1
1992,Alabama,AL,280,AL0340100,Geneva,4791,6,"Cities from 2,500 thru 9,999",0,1,1,12,0,0,1
1992,Alabama,AL,144,AL0100200,Georgiana,1978,7,"Cities under 2,500",0,0,0,0,0,0,0
1992,Alabama,AL,239,AL0280300,Geraldine,819,7,"Cities under 2,500",0,0,0,0,1,0,1
1992,Alabama,AL,170,AL0150200,Gilbertown,239,7,"Cities under 2,500",0,0,0,0,1,0,0
1992,Alabama,AL,264,AL0310400,Glencoe,4779,6,"Cities from 2,500 thru 9,999",0,1,1,12,0,0,1
1992,Alabama,AL,203,AL0220100,Goodwater,1883,7,"Cities under 2,500",0,0,1,12,0,0,1
1992,Alabama,AL,404,AL0540200,Gordo,1962,7,"Cities under 2,500",0,1,1,12,0,0,1
1992,Alabama,AL,298,AL0380300,Gordon,503,7,"Cities under 2,500",0,0,0,0,1,0,1
1992,Alabama,AL,382,AL0500500,Grant,652,7,"Cities under 2,500",0,1,0,4,0,0,0
1992,Alabama,AL,65,AL0011600,Graysville,2293,7,"Cities under 2,500",0,1,1,12,0,0,1
1992,Alabama,AL,285,AL0350000,Greene,8057,8D,"Non-MSA counties under 10,000",0,1,1,12,0,0,1
1992,Alabama,AL,289,AL0360100,Greensboro,3118,6,"Cities from 2,500 thru 9,999",0,0,0,4,0,0,0
1992,Alabama,AL,143,AL0100100,Greenville,7668,6,"Cities from 2,500 thru 9,999",0,1,1,12,0,0,1
1992,Alabama,AL,177,AL0160300,Grove Hill,1587,7,"Cities under 2,500",0,0,0,0,0,0,0
1992,Alabama,AL,372,AL0490300,Guin,2521,6,"Cities from 2,500 thru 9,999",0,1,1,12,0,0,1
1992,Alabama,AL,113,AL0050400,Gulf Shores,3337,6,"Cities from 2,500 thru 9,999",0,1,1,12,0,0,1
1992,Alabama,AL,379,AL0500200,Guntersville,7203,6,"Cities from 2,500 thru 9,999",0,1,1,12,0,0,1
1992,Alabama,AL,355,AL0470300,Gurley,1030,7,"Cities under 2,500",0,1,1,12,0,0,1
1992,Alabama,AL,373,AL0490400,Hackleburg,1187,7,"Cities under 2,500",0,0,0,0,1,0,0
1992,Alabama,AL,288,AL0360000,Hale,11405,8C,"Non-MSA counties from 10,000 thru 24,999",0,1,0,11,0,0,0
1992,Alabama,AL,491,AL0670200,Haleyville,4556,6,"Cities from 2,500 thru 9,999",0,1,1,12,0,0,1
1992,Alabama,AL,370,AL0490100,Hamilton,5923,6,"Cities from 2,500 thru 9,999",0,1,1,12,0,0,1
1992,Alabama,AL,244,AL0280800,Hammondville,429,7,"Cities under 2,500",0,0,0,0,1,0,1
1992,Alabama,AL,221,AL0250200,Hanceville,2298,7,"Cities under 2,500",0,0,0,10,0,0,0
1992,Alabama,AL,441,AL0590900,Harpersville,789,7,"Cities under 2,500",0,0,0,0,1,0,1
1992,Alabama,AL,282,AL0340300,Hartford,2505,6,"Cities from 2,500 thru 9,999",0,1,0,11,0,0,0
1992,Alabama,AL,392,AL0520200,Hartselle,11049,5,"Cities from 10,000 thru 24,999",0,1,1,12,0,0,1
1992,Alabama,AL,345,AL0450200,Hayneville,991,7,"Cities under 2,500",0,0,0,0,1,0,0
1992,Alabama,AL,293,AL0370200,Headland,3342,6,"Cities from 2,500 thru 9,999",0,1,0,11,0,0,0
1992,Alabama,AL,184,AL0180100,Heflin,2973,6,"Cities from 2,500 thru 9,999",0,1,1,12,0,0,1
1992,Alabama,AL,439,AL0590700,Helena,4009,6,"Cities from 2,500 thru 9,999",0,1,1,12,0,0,1
1992,Alabama,AL,240,AL0280400,Henagar,1979,7,"Cities under 2,500",0,0,0,0,1,0,1
1992,Alabama,AL,291,AL0370000,Henry,9145,8D,"Non-MSA counties under 10,000",0,0,0,6,0,0,0
1992,Alabama,AL,333,AL0420400,Hillsboro,600,7,"Cities under 2,500",0,0,0,0,0,0,0
1992,Alabama,AL,152,AL0110600,Hobson City,812,7,"Cities under 2,500",0,0,0,0,1,0,1
1992,Alabama,AL,278,AL0330500,Hodges,278,7,"Cities under 2,500",0,0,0,0,1,0,0
1992,Alabama,AL,266,AL0310600,Hokes Bluff,3826,6,"Cities from 2,500 thru 9,999",0,0,0,5,0,0,0
1992,Alabama,AL,309,AL0390400,Hollywood,936,7,"Cities under 2,500",0,1,0,10,0,0,0
1992,Alabama,AL,59,AL0011000,Homewood,23462,5,"Cities from 10,000 thru 24,999",0,1,1,12,0,0,1
1992,Alabama,AL,61,AL0011200,Hoover,40726,4,"Cities from 25,000 thru 49,999",0,1,1,12,0,0,1
1992,Alabama,AL,295,AL0380000,Houston,25007,9B,"MSA counties from 25,000 thru 99,999",0,1,1,12,0,0,1
1992,Alabama,AL,68,AL0011900,Hueytown,15640,5,"Cities from 10,000 thru 24,999",0,1,1,12,0,0,1
1992,Alabama,AL,353,AL0470100,Huntsville,163560,2,"Cities from 100,000 thru 249,000",1,12,1,12,0,1,1
1992,Alabama,AL,361,AL0470900,Huntsville International Airport,0,7,"Cities under 2,500",0,0,0,0,0,0,0
1992,Alabama,AL,419,AL0570200,Hurtsboro,723,7,"Cities under 2,500",0,1,1,12,0,0,1
1992,Alabama,AL,249,AL0281400,Ider,686,7,"Cities under 2,500",0,0,0,0,1,0,1
1992,Alabama,AL,62,AL0011300,Irondale,9676,6,"Cities from 2,500 thru 9,999",0,0,1,12,0,0,1
1992,Alabama,AL,305,AL0390000,Jackson,28774,8B,"Non-MSA counties from 25,000 thru 99,999",0,1,1,12,0,0,1
1992,Alabama,AL,175,AL0160100,Jackson,5955,6,"Cities from 2,500 thru 9,999",0,1,1,12,0,0,1
1992,Alabama,AL,148,AL0110200,Jacksonville,10525,5,"Cities from 10,000 thru 24,999",0,1,1,12,0,0,1
1992,Alabama,AL,154,AL0110800,Jacksonville State University,0,7,"Cities under 2,500",0,1,1,12,0,0,1
1992,Alabama,AL,473,AL0640100,Jasper,13872,5,"Cities from 10,000 thru 24,999",0,1,1,12,0,0,1
1992,Alabama,AL,49,AL0010000,Jefferson,144243,9A,"MSA counties 100,000 or over",1,12,1,12,0,1,1
1992,Alabama,AL,166,AL0140300,Jemison,1942,7,"Cities under 2,500",0,0,0,7,0,0,0
1992,Alabama,AL,318,AL0400300,Kennedy,535,7,"Cities under 2,500",0,0,0,0,1,0,0
1992,Alabama,AL,327,AL0410700,Killen,1071,7,"Cities under 2,500",0,1,1,12,0,0,1
1992,Alabama,AL,78,AL0012900,Kimberly,1121,7,"Cities under 2,500",0,1,1,12,0,0,1
1992,Alabama,AL,301,AL0380600,Kinsey,1718,7,"Cities under 2,500",0,0,0,0,1,0,1
1992,Alabama,AL,190,AL0190400,Kinston,608,7,"Cities under 2,500",0,0,0,0,0,0,0
1992,Alabama,AL,156,AL0120100,Lafayette,3224,6,"Cities from 2,500 thru 9,999",0,0,0,11,0,0,0
1992,Alabama,AL,315,AL0400000,Lamar,11854,8C,"Non-MSA counties from 10,000 thru 24,999",0,0,0,1,0,0,0
1992,Alabama,AL,157,AL0120200,Lanett,9196,6,"Cities from 2,500 thru 9,999",0,1,1,12,0,0,1
1992,Alabama,AL,320,AL0410000,Lauderdale,42342,9B,"MSA counties from 25,000 thru 99,999",0,1,0,11,0,0,0
1992,Alabama,AL,329,AL0420000,Lawrence,26097,9B,"MSA counties from 25,000 thru 99,999",0,1,1,12,0,0,1
1992,Alabama,AL,335,AL0430000,Lee,31929,8B,"Non-MSA counties from 25,000 thru 99,999",0,1,1,12,0,0,1
1992,Alabama,AL,55,AL0010600,Leeds,10180,5,"Cities from 10,000 thru 24,999",0,1,1,12,0,0,1
1992,Alabama,AL,197,AL0200500,Leighton,1010,7,"Cities under 2,500",0,1,0,9,0,0,0
1992,Alabama,AL,227,AL0260300,Level Plains,1507,7,"Cities under 2,500",0,1,0,7,0,0,0
1992,Alabama,AL,325,AL0410500,Lexington,839,7,"Cities under 2,500",0,0,0,0,0,0,0
1992,Alabama,AL,339,AL0440000,Limestone,36997,9B,"MSA counties from 25,000 thru 99,999",0,1,1,12,0,0,1
1992,Alabama,AL,454,AL0610400,Lincoln,3010,6,"Cities from 2,500 thru 9,999",0,0,0,11,0,0,0
1992,Alabama,AL,365,AL0480200,Linden,2607,6,"Cities from 2,500 thru 9,999",0,1,1,12,0,0,1
1992,Alabama,AL,182,AL0170200,Lineville,2449,7,"Cities under 2,500",0,0,0,8,0,0,0
1992,Alabama,AL,69,AL0012000,Lipscomb,2959,6,"Cities from 2,500 thru 9,999",0,0,0,0,0,0,0
1992,Alabama,AL,198,AL0200600,Littleville,946,7,"Cities under 2,500",0,1,1,12,0,0,1
1992,Alabama,AL,446,AL0600200,Livingston,3613,6,"Cities from 2,500 thru 9,999",0,1,1,12,0,0,1
1992,Alabama,AL,211,AL0230600,Lockhart,494,7,"Cities under 2,500",0,0,0,0,1,0,0
1992,Alabama,AL,127,AL0060400,Louisville,744,7,"Cities under 2,500",0,0,0,1,0,0,0
1992,Alabama,AL,343,AL0450000,Lowndes,12956,8C,"Non-MSA counties from 10,000 thru 24,999",0,1,0,11,0,0,0
1992,Alabama,AL,115,AL0050600,Loxley,1187,7,"Cities under 2,500",0,0,0,0,1,0,1
1992,Alabama,AL,215,AL0240100,Luverne,2614,6,"Cities from 2,500 thru 9,999",0,1,1,12,0,0,1
1992,Alabama,AL,348,AL0460000,Macon,11967,8C,"Non-MSA counties from 10,000 thru 24,999",0,1,1,12,0,0,1
1992,Alabama,AL,352,AL0470000,Madison,61691,9B,"MSA counties from 25,000 thru 99,999",0,1,1,12,0,0,1
1992,Alabama,AL,354,AL0470200,Madison,15255,5,"Cities from 10,000 thru 24,999",0,1,1,12,0,0,1
1992,Alabama,AL,165,AL0140200,Maplesville,741,7,"Cities under 2,500",0,0,0,0,0,0,0
1992,Alabama,AL,363,AL0480000,Marengo,12822,8C,"Non-MSA counties from 10,000 thru 24,999",0,1,1,12,0,0,1
1992,Alabama,AL,428,AL0580800,Margaret,630,7,"Cities under 2,500",0,0,0,0,1,0,1
1992,Alabama,AL,400,AL0530100,Marion,4309,6,"Cities from 2,500 thru 9,999",0,1,1,12,0,0,1
1992,Alabama,AL,369,AL0490000,Marion,16608,8C,"Non-MSA counties from 10,000 thru 24,999",0,0,0,11,0,0,0
1992,Alabama,AL,377,AL0500000,Marshall,36684,8B,"Non-MSA counties from 25,000 thru 99,999",0,1,1,12,0,0,1
1992,Alabama,AL,483,AL0650100,McIntosh,254,7,"Cities under 2,500",0,0,0,0,1,0,0
1992,Alabama,AL,145,AL0100300,McKenzie,474,7,"Cities under 2,500",0,0,0,0,1,0,0
1992,Alabama,AL,242,AL0280600,Mentone,484,7,"Cities under 2,500",0,0,0,0,1,0,1
1992,Alabama,AL,56,AL0010700,Midfield,5689,6,"Cities from 2,500 thru 9,999",0,1,1,12,0,0,1
1992,Alabama,AL,230,AL0260600,Midland City,1861,7,"Cities under 2,500",0,1,1,12,0,0,1
1992,Alabama,AL,255,AL0290600,Millbrook,6192,6,"Cities from 2,500 thru 9,999",0,1,1,12,0,0,1
1992,Alabama,AL,319,AL0400400,Millport,1230,7,"Cities under 2,500",0,0,0,0,1,0,0
1992,Alabama,AL,484,AL0650200,Millry,799,7,"Cities under 2,500",0,0,0,0,1,0,0
1992,Alabama,AL,82,AL0020100,Mobile,200911,2,"Cities from 100,000 thru 249,000",1,12,1,12,0,1,1
1992,Alabama,AL,81,AL0020000,Mobile,117756,9A,"MSA counties 100,000 or over",0,0,0,3,0,0,0
1992,Alabama,AL,385,AL0510000,Monroe,17375,8C,"Non-MSA counties from 10,000 thru 24,999",0,0,0,11,0,0,0
1992,Alabama,AL,386,AL0510100,Monroeville,7157,6,"Cities from 2,500 thru 9,999",0,1,1,12,0,0,1
1992,Alabama,AL,435,AL0590300,Montevallo,4338,6,"Cities from 2,500 thru 9,999",0,1,1,12,0,0,1
1992,Alabama,AL,95,AL0030100,Montgomery,191522,2,"Cities from 100,000 thru 249,000",1,12,1,12,0,1,1
1992,Alabama,AL,94,AL0030000,Montgomery,22497,9C,"MSA counties from 10,000 thru 24,999",0,1,1,12,0,0,1
1992,Alabama,AL,426,AL0580600,Moody,5036,6,"Cities from 2,500 thru 9,999",0,1,1,12,0,0,1
1992,Alabama,AL,390,AL0520000,Morgan,36033,9B,"MSA counties from 25,000 thru 99,999",0,1,1,12,0,0,1
1992,Alabama,AL,75,AL0012600,Morris,1162,7,"Cities under 2,500",0,0,0,11,0,0,0
1992,Alabama,AL,330,AL0420100,Moulton,3323,6,"Cities from 2,500 thru 9,999",1,12,1,12,0,1,1
1992,Alabama,AL,290,AL0360200,Moundville,1378,7,"Cities under 2,500",0,1,1,12,0,0,1
1992,Alabama,AL,52,AL0010300,Mountain Brook,20277,5,"Cities from 10,000 thru 24,999",0,1,1,12,0,0,1
1992,Alabama,AL,89,AL0020800,Mount Vernon,922,7,"Cities under 2,500",0,0,0,0,0,0,0
1992,Alabama,AL,195,AL0200300,Muscle Shoals,9837,6,"Cities from 2,500 thru 9,999",0,1,1,12,0,0,1
1992,Alabama,AL,368,AL0480500,Myrtlewood,201,7,"Cities under 2,500",0,0,0,0,1,0,1
1992,Alabama,AL,228,AL0260400,Napier Field,472,7,"Cities under 2,500",0,0,0,0,1,0,0
1992,Alabama,AL,189,AL0190300,New Brockton,1211,7,"Cities under 2,500",0,1,0,2,0,0,0
1992,Alabama,AL,356,AL0470400,New Hope,2300,7,"Cities under 2,500",0,1,0,11,0,0,0
1992,Alabama,AL,463,AL0620600,New Site,684,7,"Cities under 2,500",0,0,0,0,1,0,1
1992,Alabama,AL,229,AL0260500,Newton,1616,7,"Cities under 2,500",0,0,0,9,0,0,0
1992,Alabama,AL,294,AL0370300,Newville,543,7,"Cities under 2,500",0,0,0,0,1,0,0
1992,Alabama,AL,467,AL0630200,Northport,17775,5,"Cities from 10,000 thru 24,999",0,1,1,12,0,0,1
1992,Alabama,AL,350,AL0460200,Notasulga,1001,7,"Cities under 2,500",0,1,1,12,0,0,1
1992,Alabama,AL,479,AL0640700,Oakman,865,7,"Cities under 2,500",0,0,0,0,1,0,1
1992,Alabama,AL,425,AL0580500,Odenville,814,7,"Cities under 2,500",0,0,0,0,1,0,1
1992,Alabama,AL,153,AL0110700,Ohatchee,1066,7,"Cities under 2,500",0,0,0,0,1,0,1
1992,Alabama,AL,135,AL0080100,Oneonta,4958,6,"Cities from 2,500 thru 9,999",0,1,1,12,0,0,1
1992,Alabama,AL,337,AL0430200,Opelika,22644,5,"Cities from 10,000 thru 24,999",0,1,1,12,0,0,1
1992,Alabama,AL,207,AL0230200,Opp,7149,6,"Cities from 2,500 thru 9,999",0,1,1,12,0,0,1
1992,Alabama,AL,121,AL0051200,Orange Beach,2305,7,"Cities under 2,500",0,1,1,12,0,0,1
1992,Alabama,AL,357,AL0470500,Owens Crossroads,711,7,"Cities under 2,500",0,0,0,1,0,0,0
1992,Alabama,AL,151,AL0110500,Oxford,9582,6,"Cities from 2,500 thru 9,999",0,1,1,12,0,0,1
1992,Alabama,AL,225,AL0260100,Ozark,13226,5,"Cities from 10,000 thru 24,999",0,1,1,12,0,0,1
1992,Alabama,AL,478,AL0640600,Parrish,1466,7,"Cities under 2,500",0,0,0,0,0,0,0
1992,Alabama,AL,438,AL0590600,Pelham,9994,6,"Cities from 2,500 thru 9,999",0,1,1,12,0,0,1
1992,Alabama,AL,421,AL0580100,Pell City,8309,6,"Cities from 2,500 thru 9,999",0,1,1,12,0,0,1
1992,Alabama,AL,171,AL0150300,Pennington,308,7,"Cities under 2,500",0,0,0,0,1,0,0
1992,Alabama,AL,399,AL0530000,Perry,6978,8D,"Non-MSA counties under 10,000",0,1,1,12,0,0,1
1992,Alabama,AL,418,AL0570100,Phenix City,25909,4,"Cities from 25,000 thru 49,999",0,1,1,12,0,0,1
1992,Alabama,AL,275,AL0330200,Phil Campbell,1347,7,"Cities under 2,500",0,1,0,10,0,0,0
1992,Alabama,AL,402,AL0540000,Pickens,13988,8C,"Non-MSA counties from 10,000 thru 24,999",0,1,1,12,0,0,1
1992,Alabama,AL,407,AL0540500,Pickensville,172,7,"Cities under 2,500",0,0,0,0,1,0,1
1992,Alabama,AL,149,AL0110300,Piedmont,5412,6,"Cities from 2,500 thru 9,999",0,0,0,11,0,0,0
1992,Alabama,AL,409,AL0550000,Pike,12356,8C,"Non-MSA counties from 10,000 thru 24,999",0,1,0,11,0,0,0
1992,Alabama,AL,231,AL0260700,Pinckard,632,7,"Cities under 2,500",0,0,0,0,0,0,0
1992,Alabama,AL,488,AL0660200,Pine Hill,491,7,"Cities under 2,500",0,0,0,0,1,0,1
1992,Alabama,AL,310,AL0390500,Pisgah,666,7,"Cities under 2,500",0,0,0,0,1,0,1
1992,Alabama,AL,63,AL0011400,Pleasant Grove,8657,6,"Cities from 2,500 thru 9,999",0,1,1,12,0,0,1
1992,Alabama,AL,241,AL0280500,Powell,708,7,"Cities under 2,500",0,0,0,0,1,0,1
1992,Alabama,AL,107,AL0040100,Prattville,20048,5,"Cities from 10,000 thru 24,999",0,1,1,12,0,0,1
1992,Alabama,AL,397,AL0520900,Priceville,1353,7,"Cities under 2,500",0,1,1,12,0,0,1
1992,Alabama,AL,83,AL0020200,Prichard,35120,4,"Cities from 25,000 thru 49,999",0,1,1,12,0,0,1
1992,Alabama,AL,423,AL0580300,Ragland,1849,7,"Cities under 2,500",0,0,0,0,1,0,1
1992,Alabama,AL,265,AL0310500,Rainbow City,7853,6,"Cities from 2,500 thru 9,999",0,0,0,11,0,0,0
1992,Alabama,AL,243,AL0280700,Rainsville,3966,6,"Cities from 2,500 thru 9,999",0,1,1,12,0,0,1
1992,Alabama,AL,185,AL0180200,Ranburne,457,7,"Cities under 2,500",0,0,0,0,1,0,1
1992,Alabama,AL,413,AL0560000,Randolph,13837,8C,"Non-MSA counties from 10,000 thru 24,999",0,1,0,8,0,0,0
1992,Alabama,AL,276,AL0330300,Red Bay,3532,6,"Cities from 2,500 thru 9,999",0,0,0,10,0,0,0
1992,Alabama,AL,210,AL0230500,Red Level,601,7,"Cities under 2,500",0,0,0,0,1,0,0
1992,Alabama,AL,405,AL0540300,Reform,2154,7,"Cities under 2,500",0,0,0,11,0,0,0
1992,Alabama,AL,427,AL0580700,Riverside,1027,7,"Cities under 2,500",0,0,0,0,0,0,0
1992,Alabama,AL,414,AL0560100,Roanoke,6511,6,"Cities from 2,500 thru 9,999",0,1,1,12,0,0,1
1992,Alabama,AL,114,AL0050500,Robertsdale,2456,7,"Cities under 2,500",0,1,1,12,0,0,1
1992,Alabama,AL,204,AL0220200,Rockford,471,7,"Cities under 2,500",0,0,0,0,1,0,1
1992,Alabama,AL,326,AL0410600,Rogersville,1151,7,"Cities under 2,500",0,0,0,0,1,0,0
1992,Alabama,AL,64,AL0011500,Roosevelt City,3562,6,"Cities from 2,500 thru 9,999",0,0,0,0,1,1,1
1992,Alabama,AL,417,AL0570000,Russell,21332,9C,"MSA counties from 10,000 thru 24,999",0,1,1,12,0,0,1
1992,Alabama,AL,274,AL0330100,Russellville,7995,6,"Cities from 2,500 thru 9,999",0,1,1,12,0,0,1
1992,Alabama,AL,281,AL0340200,Samson,2241,7,"Cities under 2,500",0,1,1,12,0,0,1
1992,Alabama,AL,86,AL0020500,Saraland,12027,5,"Cities from 10,000 thru 24,999",0,1,1,12,0,0,1
1992,Alabama,AL,268,AL0310800,Sardis City,1331,7,"Cities under 2,500",0,0,0,0,1,0,1
1992,Alabama,AL,88,AL0020700,Satsuma,5316,6,"Cities from 2,500 thru 9,999",0,1,1,12,0,0,1
1992,Alabama,AL,306,AL0390100,Scottsboro,14111,5,"Cities from 10,000 thru 24,999",0,1,1,12,0,0,1
1992,Alabama,AL,312,AL0390700,Section,795,7,"Cities under 2,500",0,0,0,0,1,0,1
1992,Alabama,AL,235,AL0270100,Selma,24315,5,"Cities from 10,000 thru 24,999",0,1,1,12,0,0,1
1992,Alabama,AL,193,AL0200100,Sheffield,10624,5,"Cities from 10,000 thru 24,999",0,1,1,12,0,0,1
1992,Alabama,AL,432,AL0590000,Shelby,62437,9B,"MSA counties from 25,000 thru 99,999",0,1,1,12,0,0,1
1992,Alabama,AL,172,AL0150400,Silas,249,7,"Cities under 2,500",0,0,0,0,1,0,0
1992,Alabama,AL,116,AL0050700,Silverhill,568,7,"Cities under 2,500",0,0,0,0,1,0,1
1992,Alabama,AL,481,AL0640900,Sipsey,580,7,"Cities under 2,500",0,0,0,0,0,0,0
1992,Alabama,AL,283,AL0340400,Slocomb,1950,7,"Cities under 2,500",0,1,0,6,0,0,0
1992,Alabama,AL,138,AL0080400,Snead,646,7,"Cities under 2,500",0,0,0,0,0,0,0
1992,Alabama,AL,395,AL0520600,Somerville,215,7,"Cities under 2,500",0,0,0,10,0,0,0
1992,Alabama,AL,267,AL0310700,Southside,5710,6,"Cities from 2,500 thru 9,999",0,1,0,9,0,0,0
1992,Alabama,AL,424,AL0580400,Springville,1954,7,"Cities under 2,500",0,0,0,0,0,0,0
1992,Alabama,AL,102,AL0031300,State Capitol Police,0,9D,"MSA counties under 10,000",0,0,0,0,0,0,0
1992,Alabama,AL,420,AL0580000,St. Clair,33788,9B,"MSA counties from 25,000 thru 99,999",0,1,1,12,0,0,1
1992,Alabama,AL,429,AL0580900,Steele,1070,7,"Cities under 2,500",0,0,0,0,0,0,0
1992,Alabama,AL,308,AL0390300,Stevenson,2093,7,"Cities under 2,500",0,1,0,10,0,0,0
1992,Alabama,AL,324,AL0410400,St. Florian,396,7,"Cities under 2,500",0,0,0,0,1,0,0
1992,Alabama,AL,316,AL0400100,Sulligent,1929,7,"Cities under 2,500",0,0,0,0,0,0,0
1992,Alabama,AL,477,AL0640500,Sumiton,2665,6,"Cities from 2,500 thru 9,999",0,1,1,12,0,0,1
1992,Alabama,AL,118,AL0050900,Summerdale,571,7,"Cities under 2,500",0,0,0,0,0,0,0
1992,Alabama,AL,444,AL0600000,Sumter,9707,8D,"Non-MSA counties under 10,000",0,1,1,12,0,0,1
1992,Alabama,AL,451,AL0610100,Sylacauga,12814,5,"Cities from 10,000 thru 24,999",0,1,0,9,0,0,0
1992,Alabama,AL,247,AL0281200,Sylvania,953,7,"Cities under 2,500",0,0,0,0,1,0,1
1992,Alabama,AL,452,AL0610200,Talladega,18603,5,"Cities from 10,000 thru 24,999",0,0,0,8,0,0,0
1992,Alabama,AL,450,AL0610000,Talladega,36738,8B,"Non-MSA counties from 25,000 thru 99,999",0,0,0,0,0,0,0
1992,Alabama,AL,457,AL0620000,Tallapoosa,17450,8C,"Non-MSA counties from 10,000 thru 24,999",0,1,1,12,0,0,1
1992,Alabama,AL,252,AL0290200,Tallassee,5231,6,"Cities from 2,500 thru 9,999",0,1,1,12,0,0,1
1992,Alabama,AL,57,AL0010800,Tarrant,8235,6,"Cities from 2,500 thru 9,999",0,1,1,12,0,0,1
1992,Alabama,AL,366,AL0480300,Thomaston,507,7,"Cities under 2,500",0,0,0,0,0,0,0
1992,Alabama,AL,176,AL0160200,Thomasville,4402,6,"Cities from 2,500 thru 9,999",0,0,0,0,0,0,0
1992,Alabama,AL,167,AL0140400,Thorsby,1499,7,"Cities under 2,500",0,0,0,7,0,0,0
1992,Alabama,AL,331,AL0420200,Town Creek,1411,7,"Cities under 2,500",0,0,0,10,0,0,0
1992,Alabama,AL,173,AL0150500,Toxey,215,7,"Cities under 2,500",0,0,0,0,1,0,0
1992,Alabama,AL,74,AL0012500,Trafford,755,7,"Cities under 2,500",0,0,0,0,1,1,1
1992,Alabama,AL,396,AL0520700,Trinity,1412,7,"Cities under 2,500",0,1,1,12,0,0,1
1992,Alabama,AL,410,AL0550100,Troy,13358,5,"Cities from 10,000 thru 24,999",0,0,0,11,0,0,0
1992,Alabama,AL,412,AL0550300,Troy University,0,7,"Cities under 2,500",0,1,0,11,0,0,0
1992,Alabama,AL,70,AL0012100,Trussville,8461,6,"Cities from 2,500 thru 9,999",0,0,0,6,0,0,0
1992,Alabama,AL,466,AL0630100,Tuscaloosa,79594,3,"Cities from 50,000 thru 99,000",0,1,1,12,0,0,1
1992,Alabama,AL,465,AL0630000,Tuscaloosa,56663,9B,"MSA counties from 25,000 thru 99,999",0,1,1,12,0,0,1
1992,Alabama,AL,194,AL0200200,Tuscumbia,8610,6,"Cities from 2,500 thru 9,999",0,1,1,12,0,0,1
1992,Alabama,AL,349,AL0460100,Tuskegee,12545,5,"Cities from 10,000 thru 24,999",0,1,1,12,0,0,1
1992,Alabama,AL,141,AL0090100,Union Springs,4068,6,"Cities from 2,500 thru 9,999",0,1,1,12,0,0,1
1992,Alabama,AL,401,AL0530200,Uniontown,1770,7,"Cities under 2,500",0,1,1,12,0,0,1
1992,Alabama,AL,73,AL0012400,University of Alabama: Birmingham,0,7,"Cities under 2,500",0,0,0,0,0,0,0
1992,Alabama,AL,359,AL0470700,University of Alabama: Huntsville,0,7,"Cities under 2,500",0,0,0,1,0,0,0
1992,Alabama,AL,468,AL0630300,University of Alabama: Tuscaloosa,0,7,"Cities under 2,500",0,1,1,12,0,0,1
1992,Alabama,AL,443,AL0591100,University of Montevallo,0,7,"Cities under 2,500",0,1,1,12,0,0,1
1992,Alabama,AL,92,AL0021400,University of South Alabama,0,7,"Cities under 2,500",0,1,0,11,0,0,0
1992,Alabama,AL,449,AL0600500,University of West Alabama,0,7,"Cities under 2,500",0,1,0,7,0,0,0
1992,Alabama,AL,158,AL0120400,Valley,8365,6,"Cities from 2,500 thru 9,999",0,1,1,12,0,0,1
1992,Alabama,AL,248,AL0281300,Valley Head,589,7,"Cities under 2,500",0,0,0,0,1,0,1
1992,Alabama,AL,317,AL0400200,Vernon,2299,7,"Cities under 2,500",0,0,0,0,0,0,0
1992,Alabama,AL,58,AL0010900,Vestavia Hills,20214,5,"Cities from 10,000 thru 24,999",0,1,1,12,0,0,1
1992,Alabama,AL,277,AL0330400,Vina,364,7,"Cities under 2,500",0,0,0,0,1,0,0
1992,Alabama,AL,437,AL0590500,Vincent,1808,7,"Cities under 2,500",0,0,0,0,1,0,1
1992,Alabama,AL,415,AL0560200,Wadley,529,7,"Cities under 2,500",0,0,0,0,1,0,0
1992,Alabama,AL,455,AL0610500,Waldo,315,7,"Cities under 2,500",0,0,0,0,1,0,0
1992,Alabama,AL,472,AL0640000,Walker,43563,8B,"Non-MSA counties from 25,000 thru 99,999",0,1,1,12,0,0,1
1992,Alabama,AL,72,AL0012300,Warrior,3357,6,"Cities from 2,500 thru 9,999",0,1,1,12,0,0,1
1992,Alabama,AL,482,AL0650000,Washington,15967,8C,"Non-MSA counties from 10,000 thru 24,999",0,0,0,5,0,0,0
1992,Alabama,AL,322,AL0410200,Waterloo,254,7,"Cities under 2,500",0,0,0,0,1,0,0
1992,Alabama,AL,150,AL0110400,Weaver,2778,6,"Cities from 2,500 thru 9,999",0,1,1,12,0,0,1
1992,Alabama,AL,416,AL0560300,Wedowee,814,7,"Cities under 2,500",0,0,0,0,1,0,0
1992,Alabama,AL,132,AL0070300,West Blocton,1502,7,"Cities under 2,500",0,0,0,0,0,0,0
1992,Alabama,AL,375,AL0490600,Weston,392,7,"Cities under 2,500",0,0,0,0,1,0,0
1992,Alabama,AL,251,AL0290100,Wetumpka,4779,6,"Cities from 2,500 thru 9,999",0,1,1,12,0,0,1
1992,Alabama,AL,486,AL0660000,Wilcox,11416,8C,"Non-MSA counties from 10,000 thru 24,999",0,1,1,12,0,0,1
1992,Alabama,AL,90,AL0020900,Wilmer,504,7,"Cities under 2,500",0,0,0,9,0,0,0
1992,Alabama,AL,442,AL0591000,Wilsonville,1212,7,"Cities under 2,500",0,0,0,0,1,0,1
1992,Alabama,AL,440,AL0590800,Wilton,615,7,"Cities under 2,500",0,0,0,0,0,0,0
1992,Alabama,AL,371,AL0490200,Winfield,7550,6,"Cities from 2,500 thru 9,999",0,1,1,12,0,0,1
1992,Alabama,AL,489,AL0670000,Winston,17375,8C,"Non-MSA counties from 10,000 thru 24,999",0,1,1,12,0,0,1
1992,Alabama,AL,445,AL0600100,York,3233,6,"Cities from 2,500 thru 9,999",0,1,0,8,0,0,0
